คุณได้รับผลกระทบจากวิกฤติ COVID-19 ในด้านใดมากที่สุด?,q1,q2,q3,q4,q5,q6,q7,sum
💸  เศรษฐกิจ,0.41350210970464135,0.6835443037974683,0.24050632911392406,0.4092827004219409,0.31223628691983124,0.25738396624472576,0.0,2.316455696202532
